Date,IBIT Close,BTC Close,NAV Estimate,Premium/Discount (bps),Cost (bps),Create Signal,Redeem Signal,Spread Captured (bps),P&L Per Trade (USD)
2024-01-11,26.6300,46368.59,27.2881,-241.16,14.92,false,true,226.24,24099.25
2024-01-12,24.9700,42853.17,25.2192,-98.83,15.51,false,true,83.32,8321.92
2024-01-16,24.7200,43154.95,25.3968,-266.51,15.61,false,true,250.90,24808.80
2024-01-17,24.4100,42742.65,25.1542,-295.86,15.73,false,true,280.13,27351.60
2024-01-18,23.3400,41262.06,24.2829,-388.29,16.18,false,true,372.11,34740.18
2024-01-19,23.8000,41618.41,24.4926,-282.77,15.98,false,true,266.79,25398.69
2024-01-22,22.9500,39507.37,23.2502,-129.13,16.35,false,true,112.78,10353.17
2024-01-23,22.3200,39845.55,23.4492,-481.57,16.64,false,true,464.93,41509.04
2024-01-24,22.6000,40077.07,23.5855,-417.84,16.51,false,true,401.33,36280.51
2024-01-25,22.7600,39933.81,23.5012,-315.38,16.43,false,true,298.95,27216.28
2024-01-26,23.9900,41816.87,24.6094,-251.68,15.90,false,true,235.78,22625.82
2024-01-29,24.6700,43288.25,25.4753,-316.11,15.63,false,true,300.48,29651.20
2024-01-30,24.8800,42952.61,25.2778,-157.36,15.55,false,true,141.81,14113.12
2024-01-31,24.3000,42582.61,25.0600,-303.28,15.77,false,true,287.50,27945.47
2024-02-01,24.5400,43075.77,25.3502,-319.62,15.68,false,true,303.94,29834.99
2024-02-02,24.5000,43185.86,25.4150,-360.04,15.69,false,true,344.34,33745.53
2024-02-05,24.1900,42658.67,25.1048,-364.38,15.82,false,true,348.57,33727.24
2024-02-06,24.6000,43084.67,25.3555,-297.96,15.65,false,true,282.30,27778.52
2024-02-07,25.2200,44318.22,26.0814,-330.29,15.42,false,true,314.87,31763.97
2024-02-08,26.0300,45301.57,26.6601,-236.36,15.12,false,true,221.23,23034.86
2024-02-09,27.1500,47147.20,27.7463,-214.91,14.75,false,true,200.16,21737.63
2024-02-12,28.6600,49958.22,29.4006,-251.90,14.29,false,true,237.61,27239.66
2024-02-13,28.2200,49742.44,29.2736,-359.92,14.42,false,true,345.50,39000.09
2024-02-14,29.5500,51826.70,30.5002,-311.54,14.04,false,true,297.50,35164.56
2024-02-15,29.5200,51938.55,30.5660,-342.22,14.05,false,true,328.17,38750.63
2024-02-16,29.6200,52160.20,30.6965,-350.68,14.02,false,true,336.66,39887.75
2024-02-20,29.6700,52284.88,30.7698,-357.44,14.00,false,true,343.43,40758.85
2024-02-21,29.0800,51839.18,30.5075,-467.93,14.17,false,true,453.76,52781.82
2024-02-22,29.7200,51304.97,30.1932,-156.71,13.99,false,true,142.72,16966.54
2024-02-23,29.1600,50731.95,29.8559,-233.10,14.14,false,true,218.95,25538.62
2024-02-26,31.1200,54522.40,32.0866,-301.26,13.63,false,true,287.62,35803.43
2024-02-27,32.5900,57085.37,33.5949,-299.14,13.29,false,true,285.85,37263.17
2024-02-28,34.4500,62504.79,36.7843,-634.59,12.89,false,true,621.70,85669.58
2024-02-29,35.4200,61198.38,36.0155,-165.34,12.71,false,true,152.63,21624.86
2024-03-01,35.9900,62440.63,36.7465,-205.88,12.60,false,true,193.28,27824.58
2024-03-04,38.6500,68330.41,40.2127,-388.61,12.14,false,true,376.46,58200.97
2024-03-05,35.3200,63801.20,37.5472,-593.18,12.72,false,true,580.46,82007.07
2024-03-06,38.2900,66106.80,38.9041,-157.85,12.20,false,true,145.64,22306.91
2024-03-07,38.6300,66925.48,39.3859,-191.92,12.15,false,true,179.77,27778.04
2024-03-08,39.5500,68300.09,40.1948,-160.43,12.01,false,true,148.43,23480.99
2024-03-11,41.1200,72123.91,42.4452,-312.21,11.78,false,true,300.43,49415.30
2024-03-12,40.7300,71481.29,42.0670,-317.83,11.83,false,true,305.99,49852.54
2024-03-13,41.9500,73083.50,43.0099,-246.43,11.66,false,true,234.77,39394.44
2024-03-14,39.5100,71396.59,42.0172,-596.70,12.01,false,true,584.69,92403.81
2024-03-15,39.3900,69403.77,40.8444,-356.08,12.03,false,true,344.05,54207.95
2024-03-18,38.1400,67548.59,39.7526,-405.66,12.23,false,true,393.43,60021.59
2024-03-19,36.7000,61912.77,36.4359,72.49,12.47,true,false,60.02,8810.27
2024-03-20,37.5500,67913.67,39.9674,-604.85,12.32,false,true,592.53,88997.60
2024-03-21,37.1500,65491.39,38.5419,-361.14,12.39,false,true,348.75,51824.31
2024-03-22,36.4100,63778.76,37.5340,-299.47,12.52,false,true,286.95,41790.89
2024-03-25,40.5500,69958.81,41.1710,-150.84,11.86,false,true,138.98,22542.59
2024-03-26,39.6300,69987.84,41.1881,-378.29,11.99,false,true,366.29,58064.88
2024-03-27,39.1300,69455.34,40.8747,-426.85,12.07,false,true,414.78,64920.67
2024-03-28,40.4700,70744.95,41.6337,-279.50,11.87,false,true,267.63,43324.02
2024-04-01,39.7500,69702.15,41.0200,-309.60,11.97,false,true,297.62,47321.84
2024-04-02,37.6000,65446.97,38.5158,-237.77,12.32,false,true,225.45,33907.79
2024-04-03,37.5400,65980.81,38.8299,-332.20,12.33,false,true,319.88,48032.67
2024-04-04,39.0800,68508.84,40.3177,-306.99,12.08,false,true,294.91,46100.16
2024-04-05,38.4100,67837.64,39.9227,-378.91,12.18,false,true,366.72,56343.25
2024-04-08,40.9500,71631.36,42.1553,-285.92,11.80,false,true,274.12,44901.12
2024-04-09,39.3300,69139.02,40.6886,-333.89,12.04,false,true,321.85,50633.88
2024-04-10,40.0000,70587.88,41.5412,-371.01,11.94,false,true,359.07,57451.62
2024-04-11,40.1700,70060.61,41.2309,-257.31,11.91,false,true,245.40,39430.81
2024-04-12,38.1400,67195.87,39.5450,-355.29,12.23,false,true,343.07,52338.23
2024-04-15,36.0800,63426.21,37.3266,-333.96,12.58,false,true,321.38,46380.90
2024-04-16,35.7500,63811.86,37.5535,-480.25,12.64,false,true,467.61,66867.84
2024-04-17,34.7600,61276.69,36.0616,-360.93,12.83,false,true,348.09,48398.85
2024-04-18,36.2100,63512.75,37.3775,-312.35,12.56,false,true,299.79,43421.65
2024-04-19,36.6700,63843.57,37.5722,-240.12,12.48,false,true,227.64,33390.26
2024-04-22,37.9300,66837.68,39.3342,-357.00,12.26,false,true,344.73,52303.02
2024-04-23,37.9000,66407.27,39.0809,-302.17,12.27,false,true,289.91,43949.69
2024-04-24,36.4100,64276.90,37.8272,-374.65,12.52,false,true,362.12,52739.77
2024-04-25,36.8600,64481.71,37.9477,-286.64,12.44,false,true,274.19,40426.83
2024-04-26,36.3200,63755.32,37.5202,-319.89,12.54,false,true,307.35,44651.92
2024-04-29,35.8700,63841.12,37.5707,-452.67,12.62,false,true,440.05,63138.78
2024-04-30,33.5700,60636.86,35.6850,-592.69,13.07,false,true,579.61,77830.43
2024-05-01,32.3900,58254.01,34.2827,-552.08,13.33,false,true,538.75,69800.72
2024-05-02,33.8000,59123.43,34.7944,-285.78,13.03,false,true,272.75,36876.25
2024-05-03,35.4000,62889.84,37.0109,-435.25,12.71,false,true,422.54,59831.52
2024-05-06,36.0100,63161.95,37.1710,-312.35,12.60,false,true,299.75,43176.55
2024-05-07,35.9300,62334.82,36.6843,-205.61,12.61,false,true,193.00,27737.83
2024-05-08,35.3800,61187.94,36.0093,-174.77,12.71,false,true,162.05,22933.79
2024-05-09,35.5800,63049.96,37.1051,-411.03,12.68,false,true,398.35,56693.62
2024-05-10,34.5800,60792.78,35.7768,-334.51,12.87,false,true,321.64,44489.36
2024-05-13,36.0000,62901.45,37.0177,-274.93,12.60,false,true,262.33,37775.90
2024-05-14,35.0700,61552.79,36.2240,-318.58,12.77,false,true,305.81,42899.16
2024-05-15,37.6700,66267.49,38.9987,-340.69,12.30,false,true,328.39,49481.58
2024-05-16,37.1500,65231.58,38.3890,-322.75,12.39,false,true,310.36,46119.52
2024-05-17,38.2800,67051.88,39.4603,-299.10,12.20,false,true,286.90,43929.97
2024-05-20,39.9700,71448.20,42.0475,-494.09,11.94,false,true,482.15,77085.50
2024-05-21,39.4700,70136.53,41.2756,-437.45,12.02,false,true,425.43,67167.22
2024-05-22,39.7100,69122.34,40.6787,-238.14,11.98,false,true,226.16,35923.87
2024-05-23,38.2700,67929.56,39.9768,-426.95,12.21,false,true,414.74,63488.29
2024-05-24,39.4600,68526.10,40.3279,-215.20,12.02,false,true,203.18,32070.18
2024-05-28,38.9800,68296.22,40.1926,-301.69,12.09,false,true,289.60,45153.97
2024-05-29,38.3200,67578.09,39.7699,-364.58,12.20,false,true,352.39,54013.81
2024-05-30,39.1600,68364.99,40.2330,-266.71,12.06,false,true,254.64,39887.11
2024-05-31,38.5500,67491.41,39.7189,-294.30,12.16,false,true,282.14,43506.28
2024-06-03,39.4400,68804.78,40.4919,-259.77,12.02,false,true,247.75,39084.91
2024-06-04,40.1700,70567.77,41.5294,-327.33,11.91,false,true,315.42,50681.42
2024-06-05,40.6700,71082.82,41.8325,-277.89,11.84,false,true,266.05,43281.55
2024-06-06,40.1600,70757.16,41.6408,-355.62,11.91,false,true,343.71,55213.44
2024-06-07,39.4200,69342.59,40.8084,-340.21,12.02,false,true,328.19,51749.02
2024-06-10,39.5900,69512.28,40.9082,-322.24,12.00,false,true,310.24,49129.74
2024-06-11,38.4300,67332.03,39.6251,-301.61,12.18,false,true,289.43,44491.44
2024-06-12,38.4500,68241.19,40.1602,-425.84,12.18,false,true,413.66,63621.43
2024-06-13,37.9000,66756.40,39.2864,-352.89,12.27,false,true,340.62,51638.55
2024-06-14,37.3000,66011.09,38.8478,-398.42,12.37,false,true,386.05,57598.79
2024-06-17,37.9800,66490.30,39.1298,-293.84,12.25,false,true,281.58,42778.21
2024-06-18,36.6400,65140.75,38.3356,-442.29,12.48,false,true,429.81,62993.39
2024-06-20,37.0400,64828.66,38.1519,-291.44,12.41,false,true,279.03,41340.64
2024-06-21,36.5800,64096.20,37.7208,-302.44,12.49,false,true,289.95,42425.55
2024-06-24,33.7650,60277.41,35.4735,-481.62,13.03,false,true,468.59,63287.27
2024-06-25,35.3000,61804.64,36.3723,-294.80,12.73,false,true,282.07,39828.51
2024-06-26,34.7100,60811.28,35.7877,-301.12,12.84,false,true,288.28,40025.13
2024-06-27,34.9800,61604.80,36.2546,-351.58,12.79,false,true,338.79,47403.75
2024-06-28,34.1400,60320.14,35.4986,-382.72,12.96,false,true,369.77,50495.41
2024-07-01,36.0000,62851.98,36.9886,-267.28,12.60,false,true,254.68,36673.68
2024-07-02,35.2200,62029.02,36.5043,-351.82,12.74,false,true,339.08,47769.20
2024-07-03,34.4400,60173.92,35.4126,-274.64,12.90,false,true,261.74,36057.80
2024-07-05,32.2000,56662.38,33.3460,-343.67,13.38,false,true,330.30,42542.17
2024-07-08,32.1600,56705.10,33.3712,-362.93,13.38,false,true,349.55,44966.00
2024-07-09,32.9600,58009.23,34.1386,-345.25,13.21,false,true,332.04,43776.78
2024-07-10,32.6700,57742.50,33.9817,-385.99,13.27,false,true,372.72,48707.43
2024-07-11,32.7000,57344.91,33.7477,-310.45,13.26,false,true,297.18,38871.64
2024-07-12,32.8500,57899.46,34.0740,-359.23,13.23,false,true,346.00,45464.49
2024-07-15,36.1500,64870.15,38.1763,-530.78,12.57,false,true,518.21,74932.91
2024-07-16,37.1700,65097.15,38.3099,-297.55,12.39,false,true,285.16,42397.47
2024-07-17,36.8400,64118.79,37.7341,-236.96,12.45,false,true,224.51,33083.90
2024-07-18,36.2200,63974.07,37.6490,-379.55,12.56,false,true,366.99,53169.89
2024-07-19,38.4000,66710.16,39.2592,-218.84,12.18,false,true,206.66,31742.87
2024-07-22,38.9300,67585.25,39.7742,-212.24,12.10,false,true,200.14,31165.46
2024-07-23,37.3400,65927.67,38.7987,-375.96,12.36,false,true,363.60,54307.06
2024-07-24,37.4200,65372.13,38.4717,-273.38,12.35,false,true,261.03,39071.26
2024-07-25,36.8300,65777.23,38.7101,-485.69,12.45,false,true,473.25,69718.65
2024-07-26,38.7900,67912.06,39.9665,-294.37,12.12,false,true,282.25,43793.38
2024-07-29,38.3400,66819.91,39.3238,-250.17,12.19,false,true,237.97,36495.74
2024-07-30,37.5500,66201.02,38.9595,-361.79,12.32,false,true,349.47,52490.36
2024-07-31,37.1800,64619.25,38.0287,-223.16,12.39,false,true,210.78,31346.50
2024-08-01,36.0700,65357.50,38.4631,-622.19,12.58,false,true,609.60,87953.36
2024-08-02,35.6100,61415.07,36.1430,-147.47,12.67,false,true,134.80,19200.39
2024-08-05,30.4800,53991.46,31.7742,-407.30,13.79,false,true,393.51,47976.66
2024-08-06,32.3400,56034.32,32.9764,-192.99,13.34,false,true,179.64,23238.40
2024-08-07,31.1900,55027.46,32.3839,-368.66,13.61,false,true,355.04,44295.22
2024-08-08,33.8800,61710.14,36.3166,-670.94,13.01,false,true,657.93,89162.92
2024-08-09,34.6000,60880.11,35.8282,-342.79,12.86,false,true,329.93,45662.21
2024-08-12,33.6400,59354.52,34.9303,-369.41,13.06,false,true,356.35,47949.81
2024-08-13,34.6400,60609.57,35.6689,-288.47,12.86,false,true,275.62,38189.24
2024-08-14,33.5600,58737.27,34.5671,-291.34,13.08,false,true,278.27,37354.59
2024-08-15,32.5000,57560.10,33.8743,-405.71,13.31,false,true,392.40,51012.61
2024-08-16,34.0300,58894.11,34.6594,-181.59,12.98,false,true,168.61,22951.82
2024-08-19,33.6200,59493.45,35.0121,-397.61,13.06,false,true,384.54,51713.50
2024-08-20,33.9200,59012.79,34.7292,-233.01,13.00,false,true,220.01,29851.32
2024-08-21,35.1300,61175.19,36.0018,-242.16,12.76,false,true,229.40,32235.12
2024-08-22,34.3500,60381.91,35.5350,-333.47,12.91,false,true,320.55,44043.95
2024-08-23,36.2800,64094.36,37.7198,-381.70,12.55,false,true,369.15,53571.41
2024-08-26,36.0900,62880.66,37.0055,-247.39,12.58,false,true,234.81,33897.62
2024-08-27,35.3800,59504.13,35.0184,103.26,12.71,true,false,90.55,12814.49
2024-08-28,33.5200,59027.63,34.7380,-350.62,13.09,false,true,337.53,45256.08
2024-08-29,33.6900,59388.18,34.9502,-360.56,13.05,false,true,347.51,46830.30
2024-08-30,33.3700,59119.48,34.7920,-408.72,13.12,false,true,395.60,52805.25
2024-09-03,32.9800,57431.02,33.7984,-242.13,13.20,false,true,228.93,30200.40
2024-09-04,33.0400,57971.54,34.1165,-315.52,13.19,false,true,302.34,39956.73
2024-09-05,31.8500,56160.49,33.0506,-363.28,13.46,false,true,349.82,44566.85
2024-09-06,30.4100,53948.75,31.7490,-421.76,13.81,false,true,407.95,49622.56
2024-09-09,32.5100,57019.54,33.5562,-311.78,13.31,false,true,298.47,38813.12
2024-09-10,33.0000,57648.71,33.9265,-273.08,13.20,false,true,259.89,34304.89
2024-09-11,32.8000,57343.17,33.7467,-280.52,13.24,false,true,267.28,35067.06
2024-09-12,33.2500,58127.01,34.2080,-280.04,13.14,false,true,266.90,35497.11
2024-09-13,34.0400,60571.30,35.6464,-450.66,12.98,false,true,437.68,59594.31
2024-09-16,32.9800,58192.51,34.2465,-369.82,13.20,false,true,356.62,47044.95
2024-09-17,34.1000,60308.54,35.4918,-392.14,12.96,false,true,379.18,51720.16
2024-09-18,34.1500,61649.68,36.2811,-587.37,12.95,false,true,574.42,78465.71
2024-09-19,36.0100,62940.46,37.0407,-278.26,12.60,false,true,265.66,38266.00
2024-09-20,35.8000,63192.98,37.1893,-373.57,12.63,false,true,360.94,51686.52
2024-09-23,36.0400,63329.80,37.2698,-329.98,12.59,false,true,317.39,45754.34
2024-09-24,36.6400,64301.97,37.8419,-317.62,12.48,false,true,305.14,44721.16
2024-09-25,35.9700,63143.14,37.1600,-320.23,12.60,false,true,307.62,44261.08
2024-09-26,36.8400,65181.02,38.3593,-396.06,12.45,false,true,383.61,56529.47
2024-09-27,37.3900,65790.66,38.7180,-343.00,12.35,false,true,330.65,49452.21
2024-09-30,36.1300,63329.50,37.2696,-305.78,12.57,false,true,293.21,42374.41
2024-10-01,35.1300,60837.01,35.8028,-187.92,12.76,false,true,175.16,24612.98
2024-10-02,34.2400,60632.79,35.6826,-404.29,12.94,false,true,391.35,53599.68
2024-10-03,34.7200,60759.40,35.7571,-290.05,12.84,false,true,277.21,38498.43
2024-10-04,35.5200,62067.48,36.5269,-275.67,12.69,false,true,262.98,37364.46
2024-10-07,36.0600,62236.66,36.6265,-154.67,12.59,false,true,142.08,20493.91
2024-10-08,35.4000,62131.97,36.5649,-318.58,12.71,false,true,305.87,43311.33
2024-10-09,34.6800,60582.10,35.6528,-272.85,12.85,false,true,260.00,36067.31
2024-10-10,33.9500,60274.50,35.4718,-429.01,13.00,false,true,416.01,56494.15
2024-10-11,35.9400,62445.09,36.7492,-220.18,12.61,false,true,207.58,29841.18
2024-10-14,37.5700,66046.13,38.8684,-334.05,12.32,false,true,321.72,48348.69
2024-10-15,38.1700,67041.11,39.4539,-325.43,12.22,false,true,313.20,47819.99
2024-10-16,38.5800,67612.72,39.7903,-304.18,12.16,false,true,292.02,45064.47
2024-10-17,38.0500,67399.84,39.6650,-407.17,12.24,false,true,394.93,60108.21
2024-10-18,39.0700,68418.79,40.2647,-296.71,12.08,false,true,284.63,44482.48
2024-10-21,38.5700,67367.85,39.6462,-271.46,12.16,false,true,259.30,40004.60
2024-10-22,38.4100,67361.41,39.6424,-310.89,12.18,false,true,298.70,45892.72
2024-10-23,37.8100,66432.20,39.0956,-328.83,12.28,false,true,316.55,47874.93
2024-10-24,38.8700,68161.05,40.1130,-309.88,12.11,false,true,297.77,46297.38
2024-10-25,38.0100,66642.41,39.2193,-308.34,12.25,false,true,296.09,45018.27
2024-10-28,39.6700,69907.76,41.1410,-357.54,11.99,false,true,345.56,54832.87
2024-10-29,41.3300,72720.49,42.7963,-342.62,11.75,false,true,330.87,54699.33
2024-10-30,40.8800,72339.54,42.5721,-397.46,11.81,false,true,385.65,63061.79
2024-10-31,39.7800,70215.19,41.3219,-373.14,11.97,false,true,361.17,57469.51
2024-11-01,39.3700,69482.47,40.8907,-371.89,12.03,false,true,359.86,56670.31
2024-11-04,38.2500,67811.51,39.9073,-415.29,12.21,false,true,403.08,61671.52
2024-11-05,39.5100,69359.56,40.8184,-320.53,12.01,false,true,308.52,48758.38
2024-11-06,43.4000,75639.08,44.5139,-250.23,11.47,false,true,238.76,41448.17
2024-11-07,43.6000,75904.86,44.6703,-239.60,11.45,false,true,228.15,39789.16
2024-11-08,43.6900,76545.48,45.0473,-301.30,11.44,false,true,289.87,50657.14
2024-11-11,49.5700,88701.48,52.2011,-504.04,10.79,false,true,493.25,97801.17
2024-11-12,51.0500,87955.81,51.7623,-137.61,10.65,false,true,126.96,25925.15
2024-11-13,51.0400,90584.16,53.3091,-425.65,10.65,false,true,415.00,84725.80
2024-11-14,49.7300,87250.43,51.3472,-314.95,10.78,false,true,304.18,60506.74
2024-11-15,52.1300,91066.01,53.5927,-272.92,10.56,false,true,262.37,54708.90
2024-11-18,52.1300,90542.64,53.2847,-216.70,10.56,false,true,206.14,42984.69
2024-11-19,52.7000,92343.79,54.3447,-302.63,10.51,false,true,292.13,61580.27
2024-11-20,53.7200,94339.49,55.5191,-324.06,10.42,false,true,313.63,67393.74
2024-11-21,55.9000,98504.73,57.9704,-357.14,10.25,false,true,346.90,77565.98
2024-11-22,56.4900,98997.66,58.2605,-303.89,10.20,false,true,293.69,66361.22
2024-11-25,54.0200,93102.30,54.7910,-140.72,10.40,false,true,130.33,28160.88
2024-11-26,51.7000,91985.32,54.1337,-449.57,10.59,false,true,438.98,90780.31
2024-11-27,55.0300,95962.53,56.4743,-255.74,10.32,false,true,245.43,54023.56
2024-11-29,55.2100,97461.52,57.3565,-374.23,10.30,false,true,363.93,80370.12
2024-12-02,54.4800,95865.30,56.4171,-343.35,10.36,false,true,332.99,72565.11
2024-12-03,54.4600,96002.16,56.4976,-360.66,10.36,false,true,350.29,76308.16
2024-12-04,56.4200,98768.53,58.1256,-293.44,10.21,false,true,283.23,63919.34
2024-12-05,56.4000,96593.57,56.8457,-78.40,10.21,false,true,68.19,15383.04
2024-12-06,57.8000,99920.71,58.8037,-170.69,10.11,false,true,160.58,37125.39
2024-12-09,54.7300,97432.72,57.3395,-455.10,10.34,false,true,444.76,97366.32
2024-12-10,54.9000,96675.43,56.8938,-350.45,10.33,false,true,340.12,74690.84
2024-12-11,57.7200,101173.03,59.5407,-305.79,10.11,false,true,295.67,68265.31
2024-12-12,56.9200,100043.00,58.8757,-332.17,10.17,false,true,322.00,73312.08
2024-12-13,57.9100,101459.26,59.7091,-301.32,10.10,false,true,291.22,67457.17
2024-12-16,60.2200,106029.72,62.3989,-349.18,9.94,false,true,339.24,81716.11
2024-12-17,60.7300,106140.60,62.4641,-277.62,9.91,false,true,267.71,65031.73
2024-12-18,57.1800,100041.54,58.8748,-287.87,10.15,false,true,277.71,63518.30
2024-12-19,54.7200,97490.95,57.3738,-462.54,10.34,false,true,452.20,98977.73
2024-12-20,54.8100,97755.93,57.5297,-472.75,10.33,false,true,462.42,101380.10
2024-12-23,52.8700,94686.24,55.7232,-512.03,10.49,false,true,501.54,106065.17
2024-12-24,56.2300,98676.09,58.0712,-317.06,10.22,false,true,306.84,69014.69
2024-12-26,54.3000,95795.52,56.3760,-368.24,10.37,false,true,357.87,77729.08
2024-12-27,53.6800,94164.86,55.4164,-313.33,10.42,false,true,302.90,65039.72
2024-12-30,53.5500,92643.21,54.5209,-178.07,10.44,false,true,167.64,35907.73
2024-12-31,53.0500,93429.20,54.9834,-351.64,10.48,false,true,341.16,72394.18
2025-01-02,55.3700,96886.88,57.0183,-289.08,10.29,false,true,278.79,61746.14
2025-01-03,55.9600,98107.43,57.7366,-307.70,10.24,false,true,297.46,66583.29
2025-01-06,58.1700,102078.09,60.0733,-316.83,10.08,false,true,306.75,71374.60
2025-01-07,54.7900,96922.70,57.0394,-394.35,10.33,false,true,384.02,84161.15
2025-01-08,53.3400,95043.52,55.9335,-463.67,10.45,false,true,453.22,96697.97
2025-01-10,53.8400,94701.45,55.7321,-339.51,10.41,false,true,329.10,70874.00
2025-01-13,53.2200,94516.52,55.6233,-432.07,10.46,false,true,421.61,89751.57
2025-01-14,54.8300,96534.05,56.8106,-348.64,10.33,false,true,338.31,74197.19
2025-01-15,56.6400,100504.49,59.1473,-423.90,10.19,false,true,413.71,93729.48
2025-01-16,57.0900,99756.91,58.7073,-275.48,10.16,false,true,265.32,60589.51
2025-01-17,59.6200,104462.04,61.4763,-301.95,9.98,false,true,291.97,69628.47
2025-01-21,60.4200,106146.27,62.4675,-327.76,9.93,false,true,317.83,76813.93
2025-01-22,59.3800,103653.07,61.0002,-265.61,10.00,false,true,255.61,60711.60
2025-01-23,58.7900,103960.17,61.1809,-390.80,10.04,false,true,380.76,89538.84
2025-01-24,59.7000,104819.48,61.6866,-322.05,9.98,false,true,312.08,74523.60
2025-01-27,57.6700,102087.69,60.0790,-400.97,10.12,false,true,390.85,90161.08
2025-01-28,57.5800,101332.48,59.6345,-344.52,10.12,false,true,334.39,77017.71
2025-01-29,59.3400,103703.21,61.0297,-276.87,10.00,false,true,266.86,63342.95
2025-01-30,59.7200,104735.30,61.6371,-311.03,9.98,false,true,301.05,71915.62
2025-01-31,57.7100,102405.02,60.2657,-424.08,10.12,false,true,413.96,95558.61
2025-02-03,57.5800,101405.42,59.6775,-351.46,10.12,false,true,341.34,78617.42
2025-02-04,56.1300,97871.82,57.5979,-254.86,10.23,false,true,244.62,54923.06
2025-02-05,55.3300,96615.45,56.8585,-268.83,10.29,false,true,258.54,57219.74
2025-02-06,55.1200,96593.30,56.8455,-303.54,10.31,false,true,293.23,64652.13
2025-02-07,54.4700,96529.09,56.8077,-411.51,10.36,false,true,401.15,87403.17
2025-02-10,55.3800,97437.55,57.3423,-342.22,10.29,false,true,331.93,73528.62
2025-02-11,54.1100,95747.43,56.3477,-397.12,10.39,false,true,386.74,83704.94
2025-02-12,55.1600,97885.86,57.6062,-424.64,10.31,false,true,414.33,91418.33
2025-02-13,54.7400,96623.87,56.8635,-373.44,10.34,false,true,363.10,79503.87
2025-02-14,55.3300,97508.97,57.3844,-358.00,10.29,false,true,347.71,76955.19
2025-02-18,53.5100,95539.55,56.2254,-482.94,10.44,false,true,472.50,101134.95
2025-02-19,54.6500,96635.61,56.8704,-390.43,10.35,false,true,380.09,83086.75
2025-02-20,56.0400,98333.94,57.8699,-316.20,10.24,false,true,305.97,68585.50
2025-02-21,53.9200,96125.55,56.5702,-468.48,10.40,false,true,458.08,98798.74
2025-02-24,53.4100,91418.17,53.7999,-72.48,10.45,false,true,62.03,13251.97
2025-02-25,50.0300,88736.17,52.2216,-419.66,10.75,false,true,408.92,81832.63
2025-02-26,47.9600,84347.02,49.6385,-338.15,10.95,false,true,327.20,62769.62
2025-02-27,47.3500,84704.23,49.8487,-501.26,11.02,false,true,490.25,92853.14
2025-02-28,47.9000,84373.01,49.6538,-353.21,10.96,false,true,342.25,65575.16
2025-03-03,48.9000,86065.67,50.6500,-345.50,10.86,false,true,334.64,65456.13
2025-03-04,49.3900,87222.20,51.3306,-378.05,10.81,false,true,367.25,72553.05
2025-03-05,51.4400,90623.56,53.3323,-354.81,10.62,false,true,344.19,70821.49
2025-03-06,50.6400,89961.73,52.9428,-434.96,10.69,false,true,424.27,85940.08
2025-03-07,49.4300,86742.67,51.0484,-317.03,10.80,false,true,306.22,60546.30
2025-03-10,44.9100,78532.00,46.2164,-282.66,11.29,false,true,271.37,48749.64
2025-03-11,47.2400,82862.21,48.7647,-312.67,11.03,false,true,301.64,56997.57
2025-03-12,47.1500,83722.36,49.2709,-430.46,11.04,false,true,419.42,79102.81
2025-03-13,45.5200,81066.70,47.7080,-458.63,11.22,false,true,447.41,81465.26
2025-03-14,48.1400,83969.10,49.4161,-258.24,10.93,false,true,247.31,47621.15
2025-03-17,48.0600,84075.69,49.4788,-286.76,10.94,false,true,275.82,53022.76
2025-03-18,46.8100,82718.50,48.6801,-384.17,11.07,false,true,373.09,69858.05
2025-03-19,48.6100,86854.23,51.1140,-489.89,10.89,false,true,479.00,93137.47
2025-03-20,47.8500,84167.20,49.5327,-339.71,10.96,false,true,328.75,62922.93
2025-03-21,47.7000,84043.24,49.4597,-355.79,10.98,false,true,344.81,65790.68
2025-03-24,50.1800,87498.91,51.4934,-255.07,10.73,false,true,244.33,49042.58
2025-03-25,50.1400,87471.70,51.4774,-259.81,10.74,false,true,249.07,49953.20
2025-03-26,49.1800,86900.88,51.1415,-383.54,10.83,false,true,372.71,73319.65
2025-03-27,49.4400,87177.10,51.3040,-363.33,10.80,false,true,352.53,69715.88
2025-03-28,47.5600,84353.15,49.6421,-419.43,10.99,false,true,408.43,77700.47
2025-03-31,46.8100,82548.91,48.5803,-364.41,11.07,false,true,353.34,66159.22
2025-04-01,48.3000,85169.17,50.1224,-363.58,10.92,false,true,352.67,68135.00
2025-04-02,49.4100,82485.71,48.5431,178.58,10.81,true,false,167.77,33157.93
2025-04-03,46.5700,83102.83,48.9063,-477.71,11.10,false,true,466.61,86920.46
2025-04-04,47.7100,83843.80,49.3424,-330.83,10.98,false,true,319.85,61040.01
2025-04-07,44.2700,79235.34,46.6303,-506.17,11.36,false,true,494.80,87619.85
2025-04-08,43.5900,76271.95,44.8863,-288.80,11.45,false,true,277.35,48359.01
2025-04-09,46.8300,82573.95,48.5951,-363.22,11.07,false,true,352.15,65964.25
2025-04-10,45.1700,79626.14,46.8603,-360.70,11.26,false,true,349.45,63137.98
2025-04-11,47.6700,83404.84,49.0840,-288.09,10.98,false,true,277.10,52838.29
2025-04-14,48.2800,84542.39,49.7535,-296.16,10.92,false,true,285.24,55085.73
2025-04-15,47.7400,83668.99,49.2395,-304.53,10.97,false,true,293.56,56057.63
2025-04-16,47.9600,84033.87,49.4542,-302.14,10.95,false,true,291.19,55862.35
2025-04-17,48.2600,84895.75,49.9615,-340.55,10.92,false,true,329.63,63632.18
2025-04-21,49.7200,87518.91,51.5052,-346.60,10.78,false,true,335.83,66789.23
2025-04-22,52.0800,93441.89,54.9909,-529.34,10.56,false,true,518.78,108072.09
2025-04-23,53.2000,93699.11,55.1423,-352.23,10.46,false,true,341.76,72727.14
2025-04-24,53.2600,93943.80,55.2863,-366.50,10.46,false,true,356.04,75851.71
2025-04-25,54.2700,94720.50,55.7434,-264.31,10.38,false,true,253.93,55123.93
2025-04-28,53.8800,94978.75,55.8953,-360.55,10.41,false,true,350.15,75463.64
2025-04-29,54.2200,94284.79,55.4869,-228.33,10.38,false,true,217.95,47268.97
2025-04-30,53.5100,94207.31,55.4413,-348.36,10.44,false,true,337.92,72328.24
2025-05-01,54.9500,96492.34,56.7861,-323.33,10.32,false,true,313.01,68799.89
2025-05-02,55.1900,96910.07,57.0319,-322.96,10.30,false,true,312.66,69022.91
2025-05-05,53.6300,94748.05,55.7596,-381.92,10.43,false,true,371.49,79692.30
2025-05-06,53.9700,96802.48,56.9686,-526.36,10.40,false,true,515.96,111385.43
2025-05-07,54.6800,97032.32,57.1039,-424.47,10.34,false,true,414.12,90576.96
2025-05-08,57.6200,103241.46,60.7580,-516.47,10.12,false,true,506.35,116703.24
2025-05-09,58.6600,102970.85,60.5987,-319.93,10.05,false,true,309.88,72709.75
2025-05-12,57.8800,102812.95,60.5058,-433.97,10.10,false,true,423.87,98134.37
2025-05-13,59.6200,104169.81,61.3043,-274.75,9.98,false,true,264.76,63140.42
2025-05-14,58.7400,103539.41,60.9333,-359.95,10.04,false,true,349.91,82214.83
2025-05-15,58.6700,103744.64,61.0541,-390.49,10.05,false,true,380.44,89281.82
2025-05-16,59.2000,103489.29,60.9038,-279.76,10.01,false,true,269.74,63875.23
2025-05-19,59.9900,105606.18,62.1496,-347.49,9.96,false,true,337.53,80993.00
2025-05-20,60.9100,106791.09,62.8469,-308.20,9.90,false,true,298.30,72677.75
2025-05-21,61.7900,109678.08,64.5459,-426.97,9.84,false,true,417.13,103097.79
2025-05-22,63.2300,111673.28,65.7201,-378.90,9.76,false,true,369.14,93363.49
2025-05-23,61.8300,107287.80,63.1393,-207.36,9.84,false,true,197.52,48850.15
2025-05-27,62.5000,108994.64,64.1437,-256.26,9.80,false,true,246.46,61614.54
2025-05-28,60.7900,107802.33,63.4421,-418.03,9.91,false,true,408.12,99238.69
2025-05-29,59.9900,105641.76,62.1706,-350.74,9.96,false,true,340.78,81773.06
2025-05-30,59.4600,103998.57,61.2035,-284.87,9.99,false,true,274.88,65377.47
2025-06-02,59.3600,105881.53,62.3117,-473.69,10.00,false,true,463.69,110099.00
2025-06-03,60.4000,105432.47,62.0474,-265.50,9.93,false,true,255.57,61746.18
2025-06-04,59.6400,104731.98,61.6351,-323.70,9.98,false,true,313.72,74841.21
2025-06-05,57.8700,101575.95,59.7778,-319.15,10.10,false,true,309.05,71538.11
2025-06-06,59.2600,104390.34,61.4341,-353.89,10.01,false,true,343.88,81513.89
2025-06-09,61.7700,110294.10,64.9085,-483.52,9.84,false,true,473.68,117036.33
2025-06-10,62.2900,110257.23,64.8868,-400.20,9.81,false,true,390.39,97269.14
2025-06-11,61.8400,108686.63,63.9625,-331.83,9.84,false,true,321.99,79647.34
2025-06-12,60.7000,105929.05,62.3396,-263.02,9.91,false,true,253.10,61453.28
2025-06-13,59.7400,106090.97,62.4349,-431.64,9.98,false,true,421.66,100759.87
2025-06-16,61.8000,106796.76,62.8503,-167.11,9.84,false,true,157.26,38875.75
2025-06-17,59.5000,104601.12,61.5581,-334.34,9.99,false,true,324.35,77194.80
2025-06-18,58.9700,104883.33,61.7242,-446.21,10.03,false,true,436.19,102887.36
2025-06-20,58.6700,103309.60,60.7981,-350.02,10.05,false,true,339.97,79785.29
2025-06-23,58.6700,105577.77,62.1329,-557.34,10.05,false,true,547.29,128437.87
2025-06-24,60.0600,106045.63,62.4082,-376.27,9.95,false,true,366.32,88003.59
2025-06-25,61.2750,107361.26,63.1825,-301.90,9.88,false,true,292.02,71575.22
2025-06-26,61.1400,106960.00,62.9463,-286.97,9.88,false,true,277.08,67762.93
2025-06-27,60.7200,107088.43,63.0219,-365.26,9.91,false,true,355.35,86306.44
2025-06-30,61.2100,107135.34,63.0495,-291.76,9.88,false,true,281.88,69015.33
2025-07-01,59.8400,105698.28,62.2038,-380.01,9.97,false,true,370.04,88573.38
2025-07-02,62.4200,108859.32,64.0641,-256.63,9.80,false,true,246.83,61628.23
2025-07-03,62.1900,109647.98,64.5282,-362.36,9.82,false,true,352.54,87697.45
2025-07-07,61.4000,108299.85,63.7348,-366.34,9.87,false,true,356.47,87548.96
2025-07-08,61.8200,108950.27,64.1176,-358.35,9.84,false,true,348.50,86177.97
2025-07-09,63.5800,111326.55,65.5161,-295.51,9.74,false,true,285.78,72678.50
2025-07-10,64.5000,115987.20,68.2589,-550.68,9.68,false,true,541.00,139577.57
2025-07-11,67.2100,117516.99,69.1592,-281.84,9.53,false,true,272.30,73206.39
2025-07-14,68.1800,119849.70,70.5320,-333.46,9.48,false,true,323.98,88355.63
2025-07-15,66.1600,117777.19,69.3123,-454.80,9.59,false,true,445.21,117819.26
2025-07-16,67.8300,118738.51,69.8780,-293.09,9.50,false,true,283.59,76942.45
2025-07-17,67.6500,119289.84,70.2025,-363.59,9.51,false,true,354.08,95814.06
2025-07-18,66.6800,118003.23,69.4453,-398.20,9.56,false,true,388.64,103657.88
2025-07-21,66.3300,117439.54,69.1136,-402.76,9.58,false,true,393.17,104317.13
2025-07-22,67.8200,119995.41,70.6177,-396.18,9.50,false,true,386.68,104897.92
2025-07-23,67.2900,118754.96,69.8877,-371.70,9.53,false,true,362.17,97481.49
2025-07-24,67.6600,118368.00,69.6600,-287.11,9.51,false,true,277.60,75128.82
2025-07-25,66.3600,117635.88,69.2291,-414.44,9.58,false,true,404.86,107466.49
2025-07-28,67.1000,117924.48,69.3990,-331.27,9.54,false,true,321.73,86352.38
2025-07-29,66.7100,117922.15,69.3976,-387.28,9.56,false,true,377.72,100789.85
2025-07-30,66.3700,117831.19,69.3441,-428.89,9.58,false,true,419.31,111317.86
2025-07-31,66.3200,115758.20,68.1241,-264.83,9.58,false,true,255.25,67711.87
2025-08-01,64.2200,113320.09,66.6893,-370.27,9.70,false,true,360.57,92622.55
2025-08-04,65.2000,115071.88,67.7202,-372.15,9.64,false,true,362.51,94542.29
2025-08-05,64.5500,114141.45,67.1726,-390.43,9.68,false,true,380.75,98310.75
2025-08-06,65.5100,115028.00,67.6944,-322.68,9.63,false,true,313.06,82033.78
2025-08-07,66.8300,117496.90,69.1473,-335.13,9.55,false,true,325.58,87033.34
2025-08-08,66.1300,116688.73,68.6717,-370.13,9.59,false,true,360.54,95369.23
2025-08-11,67.6400,118731.45,69.8739,-319.70,9.51,false,true,310.19,83925.16
2025-08-12,67.9500,120172.91,70.7222,-391.98,9.50,false,true,382.49,103960.12
2025-08-13,69.8400,123344.06,72.5884,-378.63,9.40,false,true,369.23,103148.30
2025-08-14,67.0300,118359.58,69.6550,-376.86,9.54,false,true,367.32,98485.61
2025-08-15,66.4400,117398.35,69.0893,-383.47,9.57,false,true,373.89,99365.58
2025-08-18,66.0500,116252.31,68.4149,-345.67,9.60,false,true,336.07,88790.84
2025-08-19,64.1900,112831.18,66.4016,-333.06,9.70,false,true,323.36,83025.16
2025-08-20,64.9000,114274.74,67.2511,-349.60,9.66,false,true,339.94,88248.35
2025-08-21,63.6900,112419.03,66.1590,-373.19,9.73,false,true,363.46,92595.92
2025-08-22,66.2500,116874.09,68.7808,-367.95,9.58,false,true,358.37,94967.80
2025-08-25,62.8800,110124.35,64.8086,-297.58,9.78,false,true,287.80,72388.20
2025-08-26,63.1000,111802.66,65.7963,-409.79,9.76,false,true,400.03,100966.57
2025-08-27,63.6500,111222.06,65.4546,-275.70,9.73,false,true,265.97,67715.51
2025-08-28,63.5800,112544.80,66.2330,-400.56,9.74,false,true,390.82,99394.05
2025-08-29,61.4400,108410.84,63.8002,-369.93,9.87,false,true,360.07,88489.68
2025-09-02,62.9700,111200.59,65.4419,-377.73,9.77,false,true,367.96,92681.46
2025-09-03,63.7700,111723.21,65.7495,-301.07,9.72,false,true,291.34,74316.00
2025-09-04,62.3500,110723.60,65.1612,-431.43,9.81,false,true,421.62,105151.69
2025-09-05,63.4200,110650.98,65.1185,-260.83,9.74,false,true,251.09,63695.89
2025-09-08,63.7000,112071.43,65.9544,-341.82,9.73,false,true,332.09,84616.23
2025-09-09,63.2200,111530.55,65.6361,-368.11,9.76,false,true,358.35,90620.11
2025-09-10,64.5300,113955.36,67.0631,-377.72,9.68,false,true,368.04,94999.47
2025-09-11,65.0300,115507.54,67.9766,-433.47,9.65,false,true,423.82,110244.23
2025-09-12,66.3800,116101.58,68.3262,-284.84,9.58,false,true,275.26,73087.33
2025-09-15,65.5000,115444.88,67.9397,-359.10,9.63,false,true,349.47,91562.44
2025-09-16,66.3700,116843.19,68.7626,-347.96,9.58,false,true,338.38,89832.24
2025-09-17,65.6700,116468.51,68.5421,-419.03,9.62,false,true,409.42,107545.26
2025-09-18,66.7500,117137.20,68.9357,-317.06,9.56,false,true,307.50,82102.58
2025-09-19,65.3700,115688.86,68.0833,-398.53,9.63,false,true,388.89,101688.00
2025-09-22,63.6500,112748.51,66.3529,-407.35,9.73,false,true,397.62,101234.21
2025-09-23,63.4100,112014.50,65.9209,-380.90,9.75,false,true,371.16,94139.85
2025-09-24,64.4200,113328.63,66.6943,-341.00,9.69,false,true,331.32,85374.02
2025-09-25,62.1000,109049.29,64.1759,-323.47,9.82,false,true,313.65,77909.56
2025-09-26,61.9400,109712.83,64.5664,-406.77,9.83,false,true,396.94,98345.77
2025-09-29,64.9700,114400.38,67.3250,-349.80,9.66,false,true,340.14,88396.88
2025-09-30,65.0000,114056.09,67.1224,-316.20,9.65,false,true,306.55,79702.14
2025-10-01,66.7400,118648.93,69.8253,-441.86,9.56,false,true,432.30,115407.94
2025-10-02,68.7700,120681.26,71.0214,-317.00,9.45,false,true,307.54,84599.03
2025-10-03,69.8100,122266.53,71.9543,-298.01,9.40,false,true,288.61,80590.22
2025-10-06,71.2900,124752.53,73.4173,-289.76,9.33,false,true,280.42,79965.83
2025-10-07,69.1300,121451.38,71.4746,-328.03,9.44,false,true,318.59,88097.55
2025-10-08,70.0600,123354.87,72.5948,-349.17,9.39,false,true,339.78,95219.60
2025-10-09,68.7400,121705.59,71.6242,-402.68,9.46,false,true,393.23,108121.61
2025-10-10,66.2000,113214.37,66.6271,-64.10,9.59,false,true,54.51,14434.22
2025-10-13,65.8100,115271.08,67.8374,-298.87,9.61,false,true,289.26,76144.57
2025-10-14,63.9100,113118.66,66.5707,-399.69,9.72,false,true,389.97,99691.86
2025-10-15,63.1700,110783.16,65.1963,-310.80,9.76,false,true,301.04,76066.45
2025-10-16,61.4300,108186.04,63.6679,-351.49,9.87,false,true,341.63,83944.13
2025-10-17,60.4700,106467.79,62.6567,-348.99,9.93,false,true,339.07,82013.12
2025-10-20,62.9300,110588.93,65.0820,-330.66,9.77,false,true,320.88,80772.62
2025-10-21,63.4900,108476.89,63.8390,-54.67,9.74,false,true,44.93,11411.36
2025-10-22,61.2100,107688.59,63.3751,-341.64,9.88,false,true,331.76,81226.98
2025-10-23,62.5600,110069.73,64.7764,-342.17,9.80,false,true,332.37,83172.07
2025-10-24,62.8300,111033.92,65.3439,-384.71,9.78,false,true,374.93,94227.96
2025-10-27,65.2800,114119.33,67.1596,-279.88,9.64,false,true,270.24,70564.38
2025-10-28,64.4900,112956.16,66.4751,-298.62,9.68,false,true,288.94,74535.37
2025-10-29,62.7500,110055.30,64.7679,-311.56,9.78,false,true,301.78,75746.74
2025-10-30,60.4000,108305.55,63.7382,-523.74,9.93,false,true,513.80,124135.06
2025-10-31,62.3000,109556.16,64.4742,-337.22,9.81,false,true,327.41,81589.88
2025-11-03,60.5300,106547.52,62.7036,-346.65,9.92,false,true,336.72,81527.38
2025-11-04,57.1800,101590.52,59.7864,-435.95,10.15,false,true,425.80,97388.10
2025-11-05,58.9200,103891.84,61.1407,-363.21,10.03,false,true,353.18,83238.28
2025-11-06,57.2600,101301.29,59.6162,-395.22,10.15,false,true,385.08,88197.80
2025-11-07,58.8800,103372.41,60.8350,-321.37,10.03,false,true,311.33,73324.95
2025-11-10,60.1900,105996.59,62.3794,-350.98,9.95,false,true,341.03,82106.78
2025-11-11,58.3500,102997.47,60.6144,-373.57,10.07,false,true,363.50,84841.17
2025-11-12,57.5900,101663.19,59.8291,-374.26,10.12,false,true,364.13,83881.74
2025-11-13,55.5900,99697.49,58.6723,-525.35,10.27,false,true,515.07,114531.89
2025-11-14,53.4750,94397.79,55.5534,-374.13,10.44,false,true,363.69,77793.67
2025-11-17,52.1000,92093.88,54.1976,-387.02,10.56,false,true,376.47,78455.40
2025-11-18,52.6600,92948.88,54.7007,-373.07,10.51,false,true,362.56,76370.58
2025-11-19,50.7300,91465.99,53.8281,-575.55,10.68,false,true,564.87,114622.70
2025-11-20,48.9600,86631.90,50.9832,-396.83,10.85,false,true,385.98,75590.81
2025-11-21,47.9700,85090.69,50.0762,-420.59,10.95,false,true,409.64,78602.25
2025-11-24,50.5700,88270.56,51.9475,-265.18,10.70,false,true,254.48,51476.81
2025-11-25,49.5600,87341.89,51.4010,-358.17,10.79,false,true,347.37,68863.54
2025-11-26,51.0300,90518.37,53.2704,-420.57,10.65,false,true,409.91,83671.70
2025-11-28,51.5500,90919.27,53.5063,-365.62,10.61,false,true,355.02,73204.25
2025-12-01,48.5000,86321.57,50.8006,-452.86,10.90,false,true,441.96,85740.80
2025-12-02,51.6700,91350.20,53.7599,-388.75,10.60,false,true,378.15,78157.00
2025-12-03,52.7400,93527.80,55.0414,-418.13,10.50,false,true,407.63,85992.86
2025-12-04,52.5100,92141.63,54.2257,-316.40,10.52,false,true,305.87,64245.52
2025-12-05,50.6900,89387.76,52.6050,-364.04,10.69,false,true,353.35,71645.55
2025-12-08,51.5200,90640.20,53.3421,-341.58,10.61,false,true,330.97,68207.26
2025-12-09,52.8500,92691.71,54.5494,-311.53,10.49,false,true,301.04,63640.10
2025-12-10,52.4900,92020.95,54.1547,-307.39,10.52,false,true,296.86,62329.60
2025-12-11,52.1000,92511.34,54.4433,-430.40,10.56,false,true,419.84,87495.57
2025-12-12,51.2000,90270.41,53.1245,-362.26,10.64,false,true,351.62,72011.04
2025-12-15,48.6600,86419.78,50.8584,-432.25,10.88,false,true,421.37,82015.23
2025-12-16,49.7100,87843.98,51.6965,-384.26,10.78,false,true,373.48,74263.61
2025-12-17,48.7100,86143.76,50.6959,-391.73,10.88,false,true,380.85,74205.61
2025-12-18,47.9600,85462.51,50.2950,-464.26,10.95,false,true,453.31,86962.48
2025-12-19,49.9100,88103.38,51.8492,-374.00,10.76,false,true,363.24,72517.42
2025-12-22,50.0900,88490.02,52.0767,-381.49,10.74,false,true,370.75,74283.82
2025-12-23,49.6500,87414.00,51.4435,-348.63,10.78,false,true,337.84,67095.43
2025-12-24,49.4600,87611.96,51.5600,-407.28,10.80,false,true,396.48,78439.98
2025-12-26,49.6100,87301.43,51.3772,-343.97,10.79,false,true,333.18,66116.04
2025-12-29,49.3800,87138.14,51.2811,-370.72,10.81,false,true,359.91,71090.00
2025-12-30,49.8300,88430.13,52.0414,-424.94,10.77,false,true,414.17,82553.05
2025-12-31,49.6500,87508.83,51.4993,-359.08,10.78,false,true,348.30,69172.51
2026-01-02,50.9400,89944.70,52.9328,-376.47,10.66,false,true,365.81,74537.58
2026-01-05,53.4600,93882.55,55.2502,-324.02,10.44,false,true,313.58,67055.49
2026-01-06,52.4500,93729.03,55.1599,-491.28,10.53,false,true,480.75,100860.80
2026-01-07,51.5400,91308.05,53.7351,-408.51,10.61,false,true,397.90,82030.79
2026-01-08,51.5200,91027.13,53.5698,-382.64,10.61,false,true,372.03,76667.73
2026-01-09,51.1600,90513.10,53.2673,-395.61,10.64,false,true,384.96,78778.91
2026-01-12,51.8700,91192.99,53.6674,-334.92,10.58,false,true,324.34,67293.33
2026-01-13,53.5700,95321.78,56.0972,-450.51,10.43,false,true,440.07,94298.61
2026-01-14,55.4400,96929.33,57.0433,-281.06,10.28,false,true,270.78,60047.29
2026-01-15,54.0000,95551.19,56.2322,-396.96,10.40,false,true,386.57,83498.18
2026-01-16,54.2400,95525.12,56.2169,-351.65,10.38,false,true,341.27,74042.42
2026-01-20,50.7600,88310.91,51.9713,-233.07,10.68,false,true,222.39,45153.94
2026-01-21,51.1100,89376.96,52.5987,-283.02,10.65,false,true,272.38,55684.48
2026-01-22,50.6700,89462.45,52.6490,-375.88,10.69,false,true,365.19,74017.50
2026-01-23,50.7000,89503.88,52.6734,-374.64,10.68,false,true,363.95,73810.01
2026-01-26,49.6500,88267.14,51.9455,-441.91,10.78,false,true,431.13,85621.79
2026-01-27,50.6300,89102.57,52.4372,-344.64,10.69,false,true,333.95,67630.80
2026-01-28,50.5100,89184.57,52.4854,-376.38,10.70,false,true,365.68,73881.31
2026-01-29,47.6000,84561.59,49.7648,-435.01,10.99,false,true,424.02,80732.69
2026-01-30,47.4900,84128.66,49.5100,-408.00,11.00,false,true,397.00,75414.10
2026-02-02,44.2200,78688.77,46.3086,-451.02,11.37,false,true,439.65,77765.42
2026-02-03,43.3000,75633.55,44.5106,-271.98,11.48,false,true,260.50,45118.27
2026-02-04,41.5700,73019.70,42.9724,-326.34,11.71,false,true,314.63,52316.01
2026-02-05,36.1000,62702.10,36.9004,-216.91,12.58,false,true,204.33,29505.54
2026-02-06,39.6800,70555.39,41.5221,-443.64,11.99,false,true,431.66,68512.71
2026-02-09,40.1100,70120.78,41.2663,-280.21,11.92,false,true,268.29,43044.49
2026-02-10,38.9700,68793.96,40.4855,-374.33,12.09,false,true,362.23,56465.18
2026-02-11,38.2900,66991.97,39.4250,-287.89,12.20,false,true,275.69,42224.49
2026-02-12,37.0500,66221.84,38.9718,-493.12,12.41,false,true,480.71,71241.77
2026-02-13,38.9700,68857.84,40.5231,-383.26,12.09,false,true,371.17,57857.22
2026-02-17,38.3900,67494.22,39.7206,-334.99,12.19,false,true,322.80,49569.30
2026-02-18,37.5400,66425.32,39.0915,-396.90,12.33,false,true,384.57,57747.33
2026-02-19,38.0700,66957.52,39.4047,-338.73,12.24,false,true,326.49,49717.56
2026-02-20,38.4200,68005.42,40.0214,-400.14,12.18,false,true,387.96,59622.13
2026-02-23,36.5500,64616.74,38.0272,-388.45,12.50,false,true,375.96,54964.82
2026-02-24,36.5300,64080.04,37.7113,-313.26,12.50,false,true,300.76,43946.46
2026-02-25,39.2300,67960.13,39.9948,-191.22,12.05,false,true,179.17,28114.60
2026-02-26,38.2600,67453.77,39.6968,-361.94,12.21,false,true,349.73,53523.17
2026-02-27,37.1900,65881.80,38.7717,-407.95,12.39,false,true,395.56,58843.46
2026-03-02,39.1950,68775.85,40.4748,-316.21,12.06,false,true,304.15,47683.95
2026-03-03,38.7000,68293.65,40.1911,-370.99,12.14,false,true,358.85,55550.74
2026-03-04,41.4400,72710.58,42.7904,-315.59,11.73,false,true,303.86,50368.15
2026-03-05,40.3900,70841.13,41.6903,-311.88,11.88,false,true,300.00,48468.76
2026-03-06,38.6000,68136.49,40.0986,-373.72,12.15,false,true,361.57,55826.24
2026-03-09,39.1300,68402.38,40.2550,-279.48,12.07,false,true,267.41,41855.00
2026-03-10,39.7100,69926.92,41.1522,-350.47,11.98,false,true,338.48,53764.91
2026-03-11,40.0700,70204.88,41.3158,-301.54,11.93,false,true,289.61,46418.66
2026-03-12,39.9500,70493.46,41.4857,-370.16,11.94,false,true,358.22,57243.54
2026-03-13,40.3700,70968.27,41.7651,-334.03,11.88,false,true,322.15,52020.29
2026-03-16,41.9400,74861.09,44.0560,-480.30,11.66,false,true,468.64,78618.86
2026-03-17,42.2700,73922.48,43.5036,-283.57,11.62,false,true,271.95,45981.87
2026-03-18,40.2600,71245.58,41.9283,-397.89,11.90,false,true,385.99,62159.77
2026-03-19,39.8200,69912.79,41.1439,-321.78,11.96,false,true,309.82,49347.34
2026-03-20,39.7700,70522.59,41.5028,-417.51,11.97,false,true,405.54,64513.41
2026-03-23,40.0500,70914.86,41.7336,-403.43,11.93,false,true,391.50,62717.84
2026-03-24,39.2800,70517.86,41.5000,-534.94,12.05,false,true,522.90,82157.50
2026-03-25,40.1700,71309.88,41.9661,-427.99,11.91,false,true,416.08,66855.92
2026-03-26,38.8200,68791.63,40.4841,-411.05,12.12,false,true,398.94,61946.85
2026-03-27,37.4000,66338.38,39.0404,-420.17,12.35,false,true,407.82,61010.22
2026-03-30,37.6800,66691.45,39.2482,-399.55,12.30,false,true,387.25,58365.61
2026-03-31,38.4200,68233.31,40.1555,-432.21,12.18,false,true,420.03,64549.46
2026-04-01,38.6400,68078.55,40.0645,-355.55,12.15,false,true,343.40,53075.72
2026-04-02,37.9700,66888.57,39.3642,-354.17,12.25,false,true,341.92,51930.10
2026-04-06,39.5200,68859.83,40.5243,-247.82,12.01,false,true,235.81,37276.22
2026-04-07,39.1000,71940.70,42.3374,-764.66,12.07,false,true,752.58,117704.19
2026-04-08,40.4200,71123.36,41.8564,-343.16,11.88,false,true,331.29,53562.43
2026-04-09,40.9100,71767.83,42.2356,-313.86,11.81,false,true,302.06,49428.84
2026-04-10,41.5600,72979.05,42.9484,-323.28,11.71,false,true,311.56,51794.31
2026-04-13,41.5900,74484.64,43.8345,-512.03,11.71,false,true,500.32,83233.93
2026-04-14,42.1300,74181.61,43.6561,-349.58,11.64,false,true,337.94,56950.48
2026-04-15,42.5600,74805.08,44.0231,-332.34,11.58,false,true,320.76,54605.83
2026-04-16,42.7300,75152.13,44.2273,-338.55,11.56,false,true,326.99,55888.83
2026-04-17,43.9400,77126.88,45.3894,-319.33,11.41,false,true,307.93,54121.73
2026-04-20,43.2500,75872.52,44.6513,-313.82,11.49,false,true,302.33,52303.08
2026-04-21,42.5100,76352.77,44.9339,-539.43,11.59,false,true,527.85,89754.95
2026-04-22,44.7500,78203.10,46.0228,-276.56,11.31,false,true,265.25,47480.17
2026-04-23,44.0500,78268.95,46.0616,-436.71,11.39,false,true,425.32,74941.30
2026-04-24,44.0200,77455.31,45.5827,-342.83,11.40,false,true,331.44,58359.61
2026-04-27,43.5600,77366.63,45.5305,-432.79,11.45,false,true,421.34,73414.58
2026-04-28,43.2700,76363.45,44.9402,-371.64,11.49,false,true,360.15,62335.30
